{
  "benchmark": "proof_generation",
  "timestamp": "2026-02-20T01:13:53.421188",
  "iterations": 100,
  "tests": [
    {
      "test": "simple_transfer",
      "iterations": 100,
      "mean_ms": 1.78885099987383,
      "median_ms": 1.8224000014015473,
      "min_ms": 1.0765000042738393,
      "max_ms": 5.414799998106901,
      "p95_ms": 2.148500003386289,
      "p99_ms": 5.414799998106901,
      "stdev_ms": 0.492407984956243
    },
    {
      "test": "complex_defi",
      "iterations": 100,
      "mean_ms": 6.241860999944038,
      "median_ms": 5.978950001008343,
      "min_ms": 5.129400000441819,
      "max_ms": 27.43439999903785,
      "p95_ms": 7.117000001017004,
      "p99_ms": 27.43439999903785,
      "stdev_ms": 2.3385123803679755
    },
    {
      "test": "conservation_validation",
      "iterations": 100,
      "mean_ms": 0.0006059993756935,
      "median_ms": 0.0005999972927384079,
      "min_ms": 0.0004999965312890708,
      "max_ms": 0.0035999983083456755,
      "p95_ms": 0.000600004568696022,
      "p99_ms": 0.0035999983083456755,
      "stdev_ms": 0.0003486830590449884
    }
  ]
}